event_date,avg_temp_c,min_temp_c,max_temp_c,precip_mm,snow_mm,wind_dir_deg,wind_speed_kmh,wind_gust_kmh,pressure_hpa,sun_hours,city,weather_id
2025-01-01,2.3,1.1,3.6,0.7,0.0,0.0,26.7,0.0,1005.6,0.0,toronto,1
2025-01-02,-0.4,-2.2,1.4,0.1,0.0,0.0,33.7,0.0,1014.3,0.0,toronto,2
2025-01-03,-1.7,-4.2,0.8,0.0,0.0,0.0,32.3,0.0,1012.2,0.0,toronto,3
2025-01-04,-3.7,-5.8,-1.6,0.0,0.0,0.0,37.7,0.0,1013.5,0.0,toronto,4
2025-01-05,-2.6,-5.1,0.0,0.0,0.0,0.0,27.6,0.0,1017.4,0.0,toronto,5
2025-01-06,-5.8,-9.0,-2.7,0.0,0.0,0.0,23.4,0.0,1017.1,0.0,toronto,6
2025-01-07,-5.8,-8.0,-3.6,0.0,0.0,0.0,26.3,0.0,1020.6,0.0,toronto,7
2025-01-08,-8.9,-12.0,-5.7,0.0,0.0,0.0,22.1,0.0,1021.0,0.0,toronto,8
2025-01-09,-7.5,-11.0,-3.9,0.0,0.0,0.0,21.0,0.0,1021.4,0.0,toronto,9
2025-01-10,-5.5,-9.4,-1.7,4.1,0.0,0.0,13.5,0.0,1017.0,0.0,toronto,10
2025-01-11,-1.8,-4.3,0.7,1.8,6.0,0.0,14.2,0.0,1005.7,0.0,toronto,11
2025-01-12,0.3,-1.7,2.4,0.4,3.0,0.0,17.2,0.0,1013.9,0.0,toronto,12
2025-01-13,-2.3,-6.7,2.1,0.2,4.0,0.0,36.9,0.0,1011.3,0.0,toronto,13
2025-01-14,-5.9,-7.4,-4.5,0.0,4.0,0.0,35.9,0.0,1017.9,0.0,toronto,14
2025-01-15,-5.7,-8.6,-2.7,0.0,5.0,0.0,22.6,0.0,1023.1,0.0,toronto,15
2025-01-16,-3.7,-6.3,-1.1,1.1,4.0,0.0,26.5,0.0,1009.4,0.0,toronto,16
2025-01-17,1.1,-1.3,3.4,0.4,6.0,0.0,26.1,0.0,1011.7,0.0,toronto,17
2025-01-18,-0.2,-4.9,4.6,3.3,5.0,0.0,28.0,0.0,1005.8,0.0,toronto,18
2025-01-19,-7.3,-9.8,-4.8,0.2,1.0,0.0,14.4,0.0,1015.9,0.0,toronto,19
2025-01-20,-10.5,-12.8,-8.3,0.0,3.0,0.0,29.5,0.0,1024.2,0.0,toronto,20
2025-01-21,-12.4,-15.0,-9.8,0.0,3.0,0.0,34.9,0.0,1029.4,0.0,toronto,21
2025-01-22,-11.8,-16.1,-7.6,0.3,2.0,0.0,29.9,0.0,1028.7,0.0,toronto,22
2025-01-23,-5.4,-7.7,-3.2,0.0,3.0,0.0,29.7,0.0,1018.4,0.0,toronto,23
2025-01-24,-6.1,-8.5,-3.7,0.0,3.0,0.0,15.8,0.0,1021.9,0.0,toronto,24
2025-01-25,-3.7,-7.2,-0.2,0.0,3.0,0.0,32.1,0.0,1019.7,0.0,toronto,25
2025-01-26,-1.8,-4.4,0.8,0.1,3.0,0.0,34.3,0.0,1018.0,0.0,toronto,26
2025-01-27,-1.1,-4.5,2.4,0.1,3.0,0.0,41.2,0.0,1005.8,0.0,toronto,27
2025-01-28,-4.2,-10.6,2.1,6.0,4.0,0.0,27.7,0.0,1001.5,0.0,toronto,28
2025-01-29,-2.8,-8.3,2.8,0.2,10.0,0.0,34.2,0.0,1001.7,0.0,toronto,29
2025-01-30,-3.6,-8.7,1.4,0.0,9.0,0.0,16.6,0.0,1018.2,0.0,toronto,30
2025-01-31,-2.6,-8.0,2.7,0.0,8.0,0.0,17.8,0.0,1010.0,0.0,toronto,31
2025-02-01,-10.2,-12.5,-8.0,0.0,6.0,0.0,19.1,0.0,1028.0,0.0,toronto,32
2025-02-02,-5.8,-9.7,-2.0,1.1,6.0,0.0,20.8,0.0,1024.0,0.0,toronto,33
2025-02-03,-0.3,-3.3,2.7,2.6,7.0,0.0,14.9,0.0,1014.2,0.0,toronto,34
2025-02-04,-3.7,-8.1,0.6,0.0,6.0,0.0,23.2,0.0,1022.5,0.0,toronto,35
2025-02-05,-5.8,-8.1,-3.6,0.0,7.0,0.0,11.5,0.0,1029.5,0.0,toronto,36
2025-02-06,-1.1,-3.6,1.4,3.1,7.0,0.0,32.8,0.0,1008.0,0.0,toronto,37
2025-02-07,-3.8,-6.9,-0.6,0.0,9.0,0.0,36.6,0.0,1018.6,0.0,toronto,38
2025-02-08,-3.8,-6.4,-1.3,6.1,9.0,0.0,18.3,0.0,1020.5,0.0,toronto,39
2025-02-09,-2.0,-4.8,0.8,1.9,21.0,0.0,24.7,0.0,1019.4,0.0,toronto,40
2025-02-10,-4.7,-7.2,-2.2,0.0,17.0,0.0,25.8,0.0,1028.9,0.0,toronto,41
2025-02-11,-4.5,-8.6,-0.5,0.0,16.0,0.0,18.3,0.0,1026.3,0.0,toronto,42
2025-02-12,-5.7,-8.2,-3.2,13.3,14.0,0.0,35.8,0.0,1022.3,0.0,toronto,43
2025-02-13,-3.7,-5.9,-1.5,10.5,34.0,0.0,28.7,0.0,1011.4,0.0,toronto,44
2025-02-14,-5.0,-6.7,-3.3,0.0,31.0,0.0,27.4,0.0,1033.6,0.0,toronto,45
2025-02-15,-3.2,-5.3,-1.0,9.0,30.0,0.0,24.1,0.0,1020.6,0.0,toronto,46
2025-02-16,-6.0,-8.1,-3.8,17.3,39.0,0.0,35.6,0.0,999.4,0.0,toronto,47
2025-02-17,-8.6,-11.5,-5.7,0.0,46.0,0.0,41.3,0.0,1012.8,0.0,toronto,48
2025-02-18,-9.2,-12.5,-5.9,0.0,42.0,0.0,38.6,0.0,1023.0,0.0,toronto,49
2025-02-19,-8.1,-10.6,-5.7,0.0,39.0,0.0,14.2,0.0,1027.5,0.0,toronto,50
2025-02-20,-8.6,-10.5,-6.7,0.1,38.0,0.0,19.9,0.0,1022.2,0.0,toronto,51
2025-02-21,-8.3,-11.7,-4.9,0.0,37.0,0.0,21.0,0.0,1029.4,0.0,toronto,52
2025-02-22,-3.3,-6.3,-0.3,0.2,36.0,0.0,28.6,0.0,1022.7,0.0,toronto,53
2025-02-23,-0.1,-2.3,2.0,0.0,35.0,0.0,20.0,0.0,1018.3,0.0,toronto,54
2025-02-24,4.2,-0.1,8.5,0.0,33.0,0.0,29.6,0.0,1007.4,0.0,toronto,55
2025-02-25,5.5,2.9,8.1,0.6,29.0,0.0,16.6,0.0,1006.0,0.0,toronto,56
2025-02-26,3.2,0.6,5.9,0.0,25.0,0.0,10.6,0.0,1013.1,0.0,toronto,57
2025-02-27,2.8,0.1,5.6,4.6,24.0,0.0,18.3,0.0,1004.1,0.0,toronto,58
2025-02-28,1.1,-3.3,5.5,0.5,22.0,0.0,22.7,0.0,1003.1,0.0,toronto,59
2025-01-01,1.0,0.3,1.6,6.8,0.0,0.0,17.0,55.0,999.6,0.0,montreal,60
2025-01-02,-1.6,-3.8,0.7,0.0,0.0,0.0,37.4,79.0,1001.8,0.0,montreal,61
2025-01-03,-6.8,-9.8,-3.8,0.4,0.0,0.0,28.1,62.0,1005.3,0.0,montreal,62
2025-01-04,-11.0,-12.6,-9.3,0.8,0.0,0.0,23.5,48.0,1007.7,0.0,montreal,63
2025-01-05,-11.7,-13.8,-9.5,0.2,1.0,0.0,17.1,40.0,1015.4,0.0,montreal,64
2025-01-06,-12.4,-15.2,-9.6,0.4,1.0,0.0,14.2,32.0,1014.6,0.0,montreal,65
2025-01-07,-9.2,-11.9,-6.4,4.0,2.0,0.0,25.8,47.0,1008.3,0.0,montreal,66
2025-01-08,-12.8,-14.3,-11.2,3.6,2.0,0.0,27.5,48.0,1010.4,0.0,montreal,67
2025-01-09,-9.1,-12.0,-6.2,0.6,2.0,0.0,27.2,51.0,1009.2,0.0,montreal,68
2025-01-10,-8.9,-11.5,-6.2,0.0,2.0,0.0,20.9,40.0,1013.8,0.0,montreal,69
2025-01-11,-6.4,-7.9,-4.9,2.6,2.0,0.0,7.3,33.3,1004.8,0.0,montreal,70
2025-01-12,-8.4,-12.8,-4.0,0.2,4.0,0.0,9.2,25.9,1014.4,0.0,montreal,71
2025-01-13,-3.9,-5.4,-1.4,3.9,5.0,0.0,9.2,49.0,1010.6,0.0,montreal,72
2025-01-14,-4.9,-7.7,-2.1,0.2,9.0,0.0,29.5,55.0,1009.6,0.0,montreal,73
2025-01-15,-9.6,-13.5,-5.6,0.0,9.0,0.0,16.1,35.0,1017.9,0.0,montreal,74
2025-01-16,-7.7,-11.2,-4.1,0.4,8.0,0.0,8.4,31.5,1011.5,0.0,montreal,75
2025-01-17,-4.7,-8.7,-0.6,0.2,8.0,0.0,9.6,36.0,1013.1,0.0,montreal,76
2025-01-18,0.7,-1.1,2.5,3.2,8.0,0.0,21.5,42.0,1006.0,0.0,montreal,77
2025-01-19,-6.2,-11.2,-1.1,0.0,2.0,0.0,16.0,40.0,1014.3,0.0,montreal,78
2025-01-20,-14.0,-17.0,-11.0,0.0,2.0,0.0,15.3,37.0,1022.2,0.0,montreal,79
2025-01-21,-13.7,-16.6,-10.8,0.0,2.0,0.0,14.8,36.0,1028.1,0.0,montreal,80
2025-01-22,-13.6,-17.7,-9.5,0.0,2.0,0.0,12.7,31.5,1030.2,0.0,montreal,81
2025-01-23,-7.7,-10.4,-5.0,3.2,1.0,0.0,15.5,37.0,1020.1,0.0,montreal,82
2025-01-24,-13.3,-18.1,-8.4,0.0,3.0,0.0,11.8,33.3,1021.0,0.0,montreal,83
2025-01-25,-12.2,-20.7,-3.7,0.0,3.0,0.0,8.5,43.0,1021.7,0.0,montreal,84
2025-01-26,-4.4,-8.3,-0.4,1.4,3.0,0.0,23.1,68.0,1012.6,0.0,montreal,85
2025-01-27,-2.2,-5.8,1.4,1.4,3.0,0.0,34.6,96.0,1000.3,0.0,montreal,86
2025-01-28,-8.3,-15.4,-1.2,0.8,4.0,0.0,20.0,48.0,1000.5,0.0,montreal,87
2025-01-29,-11.5,-14.7,-8.2,7.4,5.0,0.0,19.2,40.0,998.4,0.0,montreal,88
2025-01-30,-14.8,-19.9,-9.7,0.8,8.0,0.0,15.1,35.0,1019.8,0.0,montreal,89
2025-01-31,-7.7,-11.6,-3.8,0.0,7.0,0.0,12.1,42.0,1012.1,0.0,montreal,90
2025-02-01,-14.7,-20.6,-8.7,0.0,0.0,0.0,16.7,40.0,1025.8,0.0,montreal,91
2025-02-02,-16.8,-21.8,-11.7,0.6,7.0,0.0,13.2,36.0,1032.0,0.0,montreal,92
2025-02-03,-6.3,-12.2,-0.4,6.6,8.0,0.0,10.6,31.0,1013.8,0.0,montreal,93
2025-02-04,-9.3,-14.5,-4.0,0.0,11.0,0.0,18.3,48.0,1017.1,0.0,montreal,94
2025-02-05,-15.9,-18.9,-12.8,0.0,11.0,0.0,14.0,36.0,1030.1,0.0,montreal,95
2025-02-06,-9.0,-18.6,0.6,9.0,10.0,0.0,13.9,57.0,1013.3,0.0,montreal,96
2025-02-07,-5.1,-10.5,0.4,1.6,11.0,0.0,29.8,64.0,1009.6,0.0,montreal,97
2025-02-08,-9.0,-12.5,-5.5,0.0,12.0,0.0,11.4,32.0,1021.9,0.0,montreal,98
2025-02-09,-7.2,-10.2,-4.2,2.8,13.0,0.0,11.0,31.5,1018.2,0.0,montreal,99
2025-02-10,-9.0,-11.7,-6.2,0.0,12.0,0.0,12.3,31.0,1026.7,0.0,montreal,100
2025-02-11,-8.4,-13.1,-3.6,0.2,12.0,0.0,19.0,55.0,1024.6,0.0,montreal,101
2025-02-12,-14.4,-17.9,-10.9,0.0,12.0,0.0,18.0,44.0,1030.3,0.0,montreal,102
2025-02-13,-7.7,-12.1,-3.2,34.0,17.0,0.0,28.1,62.0,1011.1,0.0,montreal,103
2025-02-14,-11.3,-15.6,-6.9,0.0,27.0,0.0,24.1,56.0,1029.0,0.0,montreal,104
2025-02-15,-11.4,-14.7,-8.1,1.6,27.0,0.0,13.4,44.0,1029.6,0.0,montreal,105
2025-02-16,-9.9,-10.7,-9.1,36.8,27.0,0.0,34.1,69.0,1002.6,0.0,montreal,106
2025-02-17,-12.0,-14.4,-9.5,2.2,30.0,0.0,36.7,74.0,1000.0,0.0,montreal,107
2025-02-18,-13.9,-15.5,-12.9,0.0,30.0,0.0,31.0,55.0,1015.8,0.0,montreal,108
2025-02-19,-14.0,-17.8,-10.2,0.0,29.0,0.0,22.0,41.0,1024.4,0.0,montreal,109
2025-02-20,-12.9,-18.8,-7.0,0.8,29.0,0.0,12.1,35.2,1017.8,0.0,montreal,110
2025-02-21,-9.9,-12.2,-7.6,0.0,28.0,0.0,21.5,48.0,1022.5,0.0,montreal,111
2025-02-22,-8.7,-15.2,-2.2,0.2,28.0,0.0,10.5,33.3,1022.4,0.0,montreal,112
2025-02-23,-3.6,-6.5,-0.6,0.6,20.0,0.0,16.6,34.0,1016.2,0.0,montreal,113
2025-02-24,0.4,-5.7,6.5,0.4,19.0,0.0,17.2,54.0,1009.9,0.0,montreal,114
2025-02-25,3.9,1.5,6.2,2.8,10.0,0.0,13.7,46.0,1004.8,0.0,montreal,115
2025-02-26,-2.1,-7.1,3.0,0.0,8.0,0.0,13.6,32.0,1010.8,0.0,montreal,116
2025-02-27,-1.7,-4.8,1.4,6.0,6.0,0.0,12.8,39.0,1004.0,0.0,montreal,117
2025-02-28,-4.2,-9.8,1.5,3.0,9.0,0.0,22.0,52.0,1004.2,0.0,montreal,118
2025-01-01,8.8,4.4,11.1,0.0,0.0,0.0,24.1,0.0,1001.5,0.0,new york,119
2025-01-02,4.8,1.1,6.7,0.0,0.0,0.0,31.7,0.0,1012.9,0.0,new york,120
2025-01-03,2.1,-1.0,5.0,0.0,0.0,0.0,22.0,0.0,1012.0,0.0,new york,121
2025-01-04,0.0,-2.1,2.2,0.0,0.0,0.0,26.6,0.0,1011.7,0.0,new york,122
2025-01-05,-0.9,-2.1,2.2,0.0,0.0,0.0,22.3,0.0,1016.9,0.0,new york,123
2025-01-06,-1.4,-5.5,-0.5,1.5,0.0,0.0,16.6,0.0,1010.6,0.0,new york,124
2025-01-07,-2.9,-7.1,1.7,0.0,3.0,0.0,32.0,0.0,1010.6,0.0,new york,125
2025-01-08,-2.3,-5.5,0.0,0.0,0.0,0.0,32.0,0.0,1013.1,0.0,new york,126
2025-01-09,-2.8,-5.5,2.2,0.0,0.0,0.0,30.6,0.0,1008.7,0.0,new york,127
2025-01-10,0.1,-2.7,5.6,0.0,0.0,0.0,17.6,0.0,1012.5,0.0,new york,128
2025-01-11,0.7,-2.1,3.3,0.5,3.0,0.0,16.9,0.0,1002.7,0.0,new york,129
2025-01-12,2.2,-1.0,7.8,0.0,0.0,0.0,11.9,0.0,1014.8,0.0,new york,130
2025-01-13,2.7,-1.6,6.7,0.0,0.0,0.0,14.8,0.0,1014.6,0.0,new york,131
2025-01-14,0.4,-3.8,1.7,0.0,0.0,0.0,22.7,0.0,1016.1,0.0,new york,132
2025-01-15,-2.3,-5.5,1.7,0.0,0.0,0.0,21.2,0.0,1020.4,0.0,new york,133
2025-01-16,-2.8,-5.5,0.0,0.0,0.0,0.0,15.8,0.0,1015.1,0.0,new york,134
2025-01-17,-0.1,-4.9,7.2,0.0,0.0,0.0,12.2,0.0,1017.2,0.0,new york,135
2025-01-18,3.7,0.0,8.3,1.0,0.0,0.0,8.6,0.0,1013.4,0.0,new york,136
2025-01-19,3.4,-4.3,4.4,5.6,0.0,0.0,18.0,0.0,1007.9,0.0,new york,137
2025-01-20,-4.4,-8.8,-2.1,0.0,5.0,0.0,21.2,0.0,1022.6,0.0,new york,138
2025-01-21,-9.0,-13.8,-6.6,0.0,5.0,0.0,16.6,0.0,1033.3,0.0,new york,139
2025-01-22,-9.0,-13.2,-5.5,0.0,3.0,0.0,11.2,0.0,1032.6,0.0,new york,140
2025-01-23,-6.1,-10.5,-1.6,0.0,3.0,0.0,10.8,0.0,1025.3,0.0,new york,141
2025-01-24,-3.4,-9.3,1.1,0.0,3.0,0.0,13.7,0.0,1022.1,0.0,new york,142
2025-01-25,-3.4,-9.9,0.6,0.0,3.0,0.0,13.7,0.0,1026.2,0.0,new york,143
2025-01-26,1.3,-2.1,7.2,0.0,0.0,0.0,15.8,0.0,1020.7,0.0,new york,144
2025-01-27,1.5,-3.8,6.1,0.0,0.0,0.0,19.8,0.0,1013.8,0.0,new york,145
2025-01-28,3.8,0.6,7.2,0.0,0.0,0.0,20.5,0.0,1003.1,0.0,new york,146
2025-01-29,4.9,0.0,12.2,0.0,0.0,0.0,28.4,0.0,1000.6,0.0,new york,147
2025-01-30,0.9,-3.2,3.9,0.0,0.0,0.0,16.2,0.0,1021.8,0.0,new york,148
2025-01-31,4.0,1.1,8.3,3.3,0.0,0.0,6.1,0.0,1012.1,0.0,new york,149
2025-02-01,4.9,-5.5,8.3,0.0,0.0,0.0,25.2,0.0,1017.5,0.0,new york,150
2025-02-02,-4.3,-8.2,0.6,1.5,0.0,0.0,11.9,0.0,1031.9,0.0,new york,151
2025-02-03,2.2,-3.2,10.0,0.0,0.0,0.0,8.6,0.0,1017.8,0.0,new york,152
2025-02-04,7.1,0.0,8.9,0.0,0.0,0.0,25.9,0.0,1015.1,0.0,new york,153
2025-02-05,0.4,-2.1,3.9,0.0,0.0,0.0,13.7,0.0,1028.3,0.0,new york,154
2025-02-06,1.8,0.0,4.4,9.7,3.0,0.0,11.9,0.0,1016.0,0.0,new york,155
2025-02-07,4.2,-1.6,7.8,0.0,0.0,0.0,22.7,0.0,1014.8,0.0,new york,156
2025-02-08,-0.6,-3.2,1.7,15.0,0.0,0.0,8.3,0.0,1023.5,0.0,new york,157
2025-02-09,0.8,-1.0,2.2,1.3,5.0,0.0,13.3,0.0,1016.9,0.0,new york,158
2025-02-10,1.7,-1.0,3.9,0.0,5.0,0.0,15.5,0.0,1027.9,0.0,new york,159
2025-02-11,-0.3,-4.3,2.2,2.5,5.0,0.0,4.7,0.0,1028.5,0.0,new york,160
2025-02-12,0.6,-1.0,2.8,2.3,8.0,0.0,14.8,0.0,1024.1,0.0,new york,161
2025-02-13,4.1,2.2,8.3,6.1,5.0,0.0,19.1,0.0,1013.6,0.0,new york,162
2025-02-14,2.0,-1.0,3.9,0.0,0.0,0.0,21.6,0.0,1031.6,0.0,new york,163
2025-02-15,-0.1,-3.2,2.8,11.2,0.0,0.0,9.7,0.0,1027.9,0.0,new york,164
2025-02-16,2.7,1.1,8.3,21.6,0.0,0.0,22.7,0.0,997.3,0.0,new york,165
2025-02-17,1.9,-2.7,3.3,0.0,0.0,0.0,39.2,0.0,1008.1,0.0,new york,166
2025-02-18,-3.2,-6.6,-1.0,0.0,0.0,0.0,29.5,0.0,1021.1,0.0,new york,167
2025-02-19,-4.4,-8.2,1.1,0.0,0.0,0.0,20.5,0.0,1025.1,0.0,new york,168
2025-02-20,-4.1,-7.1,-0.5,0.0,0.0,0.0,21.6,0.0,1015.8,0.0,new york,169
2025-02-21,-2.6,-5.5,2.8,0.0,0.0,0.0,27.4,0.0,1022.1,0.0,new york,170
2025-02-22,-1.1,-6.0,6.1,0.0,0.0,0.0,15.1,0.0,1026.2,0.0,new york,171
2025-02-23,3.6,-1.0,10.0,0.0,0.0,0.0,14.8,0.0,1019.2,0.0,new york,172
2025-02-24,6.2,1.1,11.1,0.0,0.0,0.0,11.5,0.0,1017.1,0.0,new york,173
2025-02-25,8.7,5.6,14.4,0.0,0.0,0.0,11.5,0.0,1009.0,0.0,new york,174
2025-02-26,9.6,3.3,15.0,0.0,0.0,0.0,16.6,0.0,1012.1,0.0,new york,175
2025-02-27,10.3,7.8,12.8,0.3,0.0,0.0,14.0,0.0,1006.7,0.0,new york,176
2025-02-28,8.7,3.9,11.7,0.0,0.0,0.0,18.4,0.0,1005.6,0.0,new york,177
2025-01-01,6.9,4.4,8.3,15.7,0.0,0.0,21.2,0.0,998.3,0.0,boston,178
2025-01-02,4.4,1.1,6.7,0.0,0.0,0.0,35.3,0.0,1003.2,0.0,boston,179
2025-01-03,1.8,-1.0,3.9,0.0,0.0,0.0,27.7,0.0,1005.9,0.0,boston,180
2025-01-04,-1.4,-2.8,-0.6,0.0,0.0,0.0,24.9,0.0,1005.6,0.0,boston,181
2025-01-05,-0.9,-6.0,1.1,0.0,0.0,0.0,24.8,0.0,1010.5,0.0,boston,182
2025-01-06,-5.4,-8.2,-3.8,0.0,0.0,0.0,22.0,0.0,1008.5,0.0,boston,183
2025-01-07,-6.3,-8.8,-2.7,0.0,0.0,0.0,32.8,0.0,1002.4,0.0,boston,184
2025-01-08,-4.2,-8.2,-1.0,0.0,0.0,0.0,33.8,0.0,1003.1,0.0,boston,185
2025-01-09,-5.9,-8.2,-2.1,0.0,0.0,0.0,37.8,0.0,1000.0,0.0,boston,186
2025-01-10,-1.2,-4.3,6.1,0.0,0.0,0.0,20.9,0.0,1007.5,0.0,boston,187
2025-01-11,-0.7,-3.2,0.6,3.3,0.0,0.0,13.7,0.0,1001.0,0.0,boston,188
2025-01-12,-1.4,-3.8,2.8,0.0,0.0,0.0,15.5,0.0,1012.1,0.0,boston,189
2025-01-13,1.1,-2.1,3.9,0.0,0.0,0.0,12.2,0.0,1012.6,0.0,boston,190
2025-01-14,-0.1,-4.3,1.1,0.0,0.0,0.0,27.4,0.0,1010.2,0.0,boston,191
2025-01-15,-3.6,-5.5,-0.5,0.0,0.0,0.0,24.8,0.0,1014.6,0.0,boston,192
2025-01-16,-3.9,-6.0,-0.5,0.0,0.0,0.0,14.0,0.0,1013.6,0.0,boston,193
2025-01-17,-2.2,-5.5,3.3,0.0,0.0,0.0,11.9,0.0,1015.6,0.0,boston,194
2025-01-18,1.1,-3.2,6.7,6.6,0.0,0.0,13.7,0.0,1014.9,0.0,boston,195
2025-01-19,4.5,-1.6,7.8,9.4,0.0,0.0,15.1,0.0,1006.6,0.0,boston,196
2025-01-20,-4.0,-8.8,-1.6,0.3,0.0,0.0,24.5,0.0,1017.3,0.0,boston,197
2025-01-21,-8.2,-10.5,-7.1,0.0,0.0,0.0,17.3,0.0,1031.2,0.0,boston,198
2025-01-22,-9.0,-12.1,-5.5,0.0,0.0,0.0,13.0,0.0,1031.5,0.0,boston,199
2025-01-23,-5.9,-8.8,-1.0,0.0,0.0,0.0,17.3,0.0,1024.3,0.0,boston,200
2025-01-24,-3.5,-6.6,0.6,0.0,0.0,0.0,16.6,0.0,1019.4,0.0,boston,201
2025-01-25,-4.2,-7.1,-1.0,0.0,0.0,0.0,19.1,0.0,1024.0,0.0,boston,202
2025-01-26,-0.7,-4.3,5.0,0.0,0.0,0.0,22.3,0.0,1017.5,0.0,boston,203
2025-01-27,0.2,-3.2,4.4,0.0,0.0,0.0,25.9,0.0,1009.9,0.0,boston,204
2025-01-28,1.4,-3.2,3.9,0.0,0.0,0.0,25.6,0.0,999.4,0.0,boston,205
2025-01-29,-0.2,-5.5,8.9,1.5,0.0,0.0,23.4,0.0,997.6,0.0,boston,206
2025-01-30,-3.3,-6.6,-1.6,0.0,0.0,0.0,20.5,0.0,1019.1,0.0,boston,207
2025-01-31,0.7,-3.2,6.1,18.3,0.0,0.0,14.0,0.0,1012.7,0.0,boston,208
2025-02-01,-0.6,-10.5,1.1,1.0,0.0,0.0,22.3,0.0,1016.5,0.0,boston,209
2025-02-02,-8.3,-12.7,-1.6,2.5,0.0,0.0,12.2,0.0,1033.4,0.0,boston,210
2025-02-03,0.6,-1.6,6.1,1.3,0.0,0.0,15.5,0.0,1016.7,0.0,boston,211
2025-02-04,4.1,-4.9,6.7,0.0,0.0,0.0,24.1,0.0,1011.7,0.0,boston,212
2025-02-05,-4.7,-7.7,-2.1,0.0,0.0,0.0,16.9,0.0,1027.4,0.0,boston,213
2025-02-06,-3.5,-7.1,1.1,6.1,0.0,0.0,13.7,0.0,1017.4,0.0,boston,214
2025-02-07,1.7,-2.7,4.4,0.3,0.0,0.0,24.1,0.0,1010.2,0.0,boston,215
2025-02-08,-1.3,-3.8,2.2,1.5,0.0,0.0,13.7,0.0,1022.4,0.0,boston,216
2025-02-09,-1.8,-3.8,0.0,8.9,0.0,0.0,14.8,0.0,1016.3,0.0,boston,217
2025-02-10,-1.0,-5.5,2.2,0.0,0.0,0.0,17.3,0.0,1025.6,0.0,boston,218
2025-02-11,-3.3,-7.1,0.0,0.0,0.0,0.0,16.9,0.0,1027.5,0.0,boston,219
2025-02-12,-1.3,-4.3,0.6,0.0,0.0,0.0,21.6,0.0,1027.1,0.0,boston,220
2025-02-13,1.8,0.0,4.4,10.9,0.0,0.0,24.1,0.0,1013.3,0.0,boston,221
2025-02-14,0.3,-3.8,1.1,0.0,0.0,0.0,28.4,0.0,1026.3,0.0,boston,222
2025-02-15,-3.2,-5.5,-1.0,7.6,0.0,0.0,13.3,0.0,1029.9,0.0,boston,223
2025-02-16,-0.5,-3.2,2.8,37.8,0.0,0.0,27.0,0.0,1000.3,0.0,boston,224
2025-02-17,-1.9,-6.6,0.0,0.0,0.0,0.0,40.7,0.0,999.0,0.0,boston,225
2025-02-18,-5.8,-7.7,-3.2,0.0,0.0,0.0,33.8,0.0,1013.0,0.0,boston,226
2025-02-19,-5.5,-8.8,-0.5,0.0,0.0,0.0,20.9,0.0,1019.7,0.0,boston,227
2025-02-20,-4.6,-8.2,-1.0,0.0,0.0,0.0,14.8,0.0,1012.7,0.0,boston,228
2025-02-21,-2.6,-5.5,1.1,0.0,0.0,0.0,27.7,0.0,1015.1,0.0,boston,229
2025-02-22,-3.4,-7.7,2.2,0.0,0.0,0.0,19.8,0.0,1022.9,0.0,boston,230
2025-02-23,1.1,-2.1,6.1,0.0,0.0,0.0,17.3,0.0,1017.1,0.0,boston,231
2025-02-24,2.3,-1.6,6.1,0.0,0.0,0.0,16.9,0.0,1017.5,0.0,boston,232
2025-02-25,5.7,3.3,11.7,0.0,0.0,0.0,18.4,0.0,1008.3,0.0,boston,233
2025-02-26,7.7,4.4,11.7,0.0,0.0,0.0,19.4,0.0,1008.8,0.0,boston,234
2025-02-27,5.7,2.2,10.6,1.8,0.0,0.0,16.2,0.0,1007.4,0.0,boston,235
2025-02-28,6.7,2.2,8.3,0.0,0.0,0.0,22.0,0.0,1002.8,0.0,boston,236
2025-01-01,4.8,2.8,6.7,1.0,0.0,0.0,7.2,0.0,1017.3,0.0,seattle,237
2025-01-02,5.3,3.3,7.2,1.3,0.0,0.0,10.4,0.0,1018.2,0.0,seattle,238
2025-01-03,6.1,3.9,7.8,12.2,0.0,0.0,13.7,0.0,1009.6,0.0,seattle,239
2025-01-04,6.2,3.3,8.3,6.1,0.0,0.0,11.5,0.0,1015.7,0.0,seattle,240
2025-01-05,7.9,6.7,9.4,0.0,0.0,0.0,12.2,0.0,1023.3,0.0,seattle,241
2025-01-06,7.1,5.0,7.8,0.0,0.0,0.0,11.9,0.0,1032.2,0.0,seattle,242
2025-01-07,4.8,3.3,6.7,0.3,0.0,0.0,7.6,0.0,1032.4,0.0,seattle,243
2025-01-08,6.6,5.0,10.0,1.0,0.0,0.0,9.4,0.0,1033.0,0.0,seattle,244
2025-01-09,6.9,3.3,11.1,0.0,0.0,0.0,7.6,0.0,1030.3,0.0,seattle,245
2025-01-10,7.4,5.6,8.9,3.6,0.0,0.0,12.2,0.0,1024.5,0.0,seattle,246
2025-01-11,6.3,2.2,7.8,0.0,0.0,0.0,7.9,0.0,1033.8,0.0,seattle,247
2025-01-12,4.2,1.7,6.1,0.3,0.0,0.0,6.8,0.0,1033.9,0.0,seattle,248
2025-01-13,3.2,0.0,5.0,0.0,0.0,0.0,5.8,0.0,1036.0,0.0,seattle,249
2025-01-14,2.7,1.1,5.0,0.0,0.0,0.0,7.2,0.0,1035.1,0.0,seattle,250
2025-01-15,3.2,1.7,5.0,0.0,0.0,0.0,6.1,0.0,1028.9,0.0,seattle,251
2025-01-16,2.8,0.6,6.1,0.8,0.0,0.0,7.9,0.0,1024.0,0.0,seattle,252
2025-01-17,3.9,0.0,6.1,0.0,0.0,0.0,7.6,0.0,1030.8,0.0,seattle,253
2025-01-18,1.4,-2.7,6.1,0.0,0.0,0.0,9.0,0.0,1033.5,0.0,seattle,254
2025-01-19,1.9,-2.1,5.6,0.0,0.0,0.0,11.5,0.0,1033.1,0.0,seattle,255
2025-01-20,2.8,-2.1,6.1,0.0,0.0,0.0,10.4,0.0,1034.0,0.0,seattle,256
2025-01-21,1.8,-3.2,6.1,0.0,0.0,0.0,5.8,0.0,1035.3,0.0,seattle,257
2025-01-22,1.6,-2.7,6.7,0.0,0.0,0.0,10.8,0.0,1040.3,0.0,seattle,258
2025-01-23,1.8,-3.2,5.6,0.0,0.0,0.0,7.6,0.0,1034.1,0.0,seattle,259
2025-01-24,4.2,0.0,6.1,0.0,0.0,0.0,14.8,0.0,1030.8,0.0,seattle,260
2025-01-25,2.7,-1.6,6.7,0.0,0.0,0.0,19.8,0.0,1030.1,0.0,seattle,261
2025-01-26,1.9,-3.2,6.7,0.0,0.0,0.0,5.8,0.0,1030.7,0.0,seattle,262
2025-01-27,2.5,-1.6,8.3,0.0,0.0,0.0,10.1,0.0,1028.7,0.0,seattle,263
2025-01-28,2.3,-3.2,8.3,0.0,0.0,0.0,5.4,0.0,1023.9,0.0,seattle,264
2025-01-29,2.7,-2.1,8.3,0.0,0.0,0.0,5.4,0.0,1021.0,0.0,seattle,265
2025-01-30,3.2,0.0,6.1,4.3,0.0,0.0,13.7,0.0,1019.3,0.0,seattle,266
2025-01-31,6.2,3.9,10.0,18.0,0.0,0.0,18.7,0.0,1006.8,0.0,seattle,267
2025-02-01,4.3,0.6,4.4,4.3,0.0,0.0,22.0,0.0,1013.6,0.0,seattle,268
2025-02-02,1.2,-0.5,2.2,5.1,0.0,0.0,17.3,0.0,1010.7,0.0,seattle,269
2025-02-03,1.1,-0.5,3.9,0.5,3.0,0.0,12.2,0.0,1009.8,0.0,seattle,270
2025-02-04,1.3,-1.0,5.6,0.0,0.0,0.0,13.0,0.0,1008.4,0.0,seattle,271
2025-02-05,0.9,-1.6,3.9,2.3,3.0,0.0,13.3,0.0,1011.5,0.0,seattle,272
2025-02-06,2.1,-1.0,3.9,1.0,0.0,0.0,18.7,0.0,1016.0,0.0,seattle,273
2025-02-07,0.3,-2.1,3.9,0.0,0.0,0.0,12.6,0.0,1020.2,0.0,seattle,274
2025-02-08,2.1,0.6,3.3,1.8,0.0,0.0,5.8,0.0,1028.0,0.0,seattle,275
2025-02-09,2.3,-0.5,4.4,0.0,0.0,0.0,9.4,0.0,1032.9,0.0,seattle,276
2025-02-10,1.5,-1.6,4.4,0.0,0.0,0.0,13.7,0.0,1031.7,0.0,seattle,277
2025-02-11,-1.2,-4.9,2.2,0.0,0.0,0.0,11.9,0.0,1026.3,0.0,seattle,278
2025-02-12,-1.0,-6.6,5.6,0.0,0.0,0.0,12.2,0.0,1015.2,0.0,seattle,279
2025-02-13,0.9,-1.6,2.2,0.0,0.0,0.0,18.7,0.0,998.5,0.0,seattle,280
2025-02-14,1.3,-0.5,4.4,1.0,0.0,0.0,10.4,0.0,1015.0,0.0,seattle,281
2025-02-15,3.9,2.8,6.1,1.5,0.0,0.0,9.4,0.0,1024.5,0.0,seattle,282
2025-02-16,5.6,3.9,11.1,4.6,0.0,0.0,13.7,0.0,1012.8,0.0,seattle,283
2025-02-17,6.7,5.6,8.3,5.6,0.0,0.0,10.4,0.0,1014.2,0.0,seattle,284
2025-02-18,7.7,5.6,11.7,0.0,0.0,0.0,8.3,0.0,1020.1,0.0,seattle,285
2025-02-19,8.9,6.7,10.6,3.6,0.0,0.0,26.3,0.0,1015.0,0.0,seattle,286
2025-02-20,7.4,5.6,9.4,0.8,0.0,0.0,13.0,0.0,1028.3,0.0,seattle,287
2025-02-21,7.3,3.9,10.0,7.1,0.0,0.0,8.3,0.0,1021.3,0.0,seattle,288
2025-02-22,8.6,7.2,12.8,20.3,0.0,0.0,13.0,0.0,1014.5,0.0,seattle,289
2025-02-23,9.6,7.8,11.7,10.7,0.0,0.0,15.5,0.0,1011.8,0.0,seattle,290
2025-02-24,8.9,6.1,11.1,11.4,0.0,0.0,17.6,0.0,1009.5,0.0,seattle,291
2025-02-25,8.2,5.0,10.0,6.9,0.0,0.0,30.2,0.0,1015.8,0.0,seattle,292
2025-02-26,7.1,1.1,15.6,0.0,0.0,0.0,9.4,0.0,1022.2,0.0,seattle,293
2025-02-27,11.0,3.9,17.2,0.0,0.0,0.0,10.4,0.0,1022.2,0.0,seattle,294
2025-02-28,9.7,3.9,15.6,0.0,0.0,0.0,8.6,0.0,1019.6,0.0,seattle,295
2025-01-01,0.7,-1.3,2.6,6.5,0.0,0.0,13.2,46.0,1000.4,0.0,ottawa,296
2025-01-02,-2.8,-4.7,-1.0,0.0,0.0,0.0,25.8,54.0,1006.2,0.0,ottawa,297
2025-01-03,-8.4,-12.1,-4.7,0.2,0.0,0.0,22.1,43.0,1007.6,0.0,ottawa,298
2025-01-04,-10.9,-12.8,-9.1,0.9,0.0,0.0,15.8,37.0,1008.9,0.0,ottawa,299
2025-01-05,-11.9,-14.7,-9.2,0.2,1.0,0.0,12.6,0.0,1016.1,0.0,ottawa,300
2025-01-06,-12.7,-16.1,-9.2,0.0,1.0,0.0,13.3,33.0,1016.4,0.0,ottawa,301
2025-01-07,-9.6,-12.8,-6.3,0.0,0.0,0.0,24.2,47.0,1012.5,0.0,ottawa,302
2025-01-08,-13.1,-15.6,-10.6,0.0,0.0,0.0,24.2,44.0,1014.1,0.0,ottawa,303
2025-01-09,-9.9,-13.9,-5.9,0.0,0.0,0.0,22.0,41.0,1013.2,0.0,ottawa,304
2025-01-10,-9.4,-13.0,-5.8,0.0,0.0,0.0,11.7,0.0,1015.5,0.0,ottawa,305
2025-01-11,-5.2,-7.1,-3.2,0.0,0.0,0.0,6.5,0.0,1005.3,0.0,ottawa,306
2025-01-12,-7.2,-10.5,-3.8,0.6,0.0,0.0,3.8,0.0,1014.8,0.0,ottawa,307
2025-01-13,-2.8,-5.3,-0.3,5.7,1.0,0.0,11.0,32.0,1009.5,0.0,ottawa,308
2025-01-14,-6.0,-9.3,-2.6,0.0,7.0,0.0,20.1,38.0,1011.0,0.0,ottawa,309
2025-01-15,-9.1,-11.7,-6.5,0.0,6.0,0.0,12.7,0.0,1019.5,0.0,ottawa,310
2025-01-16,-5.8,-8.0,-3.6,0.0,5.0,0.0,11.2,0.0,1010.0,0.0,ottawa,311
2025-01-17,-4.1,-9.2,0.9,0.0,5.0,0.0,7.5,32.0,1011.8,0.0,ottawa,312
2025-01-18,-3.3,-8.9,2.3,2.1,4.0,0.0,20.8,43.0,1004.7,0.0,ottawa,313
2025-01-19,-11.8,-14.8,-8.8,0.0,2.0,0.0,12.9,40.0,1016.3,0.0,ottawa,314
2025-01-20,-16.1,-18.5,-13.7,0.0,3.0,0.0,10.3,0.0,1023.1,0.0,ottawa,315
2025-01-21,-14.5,-18.5,-10.5,0.0,2.0,0.0,7.4,0.0,1027.4,0.0,ottawa,316
2025-01-22,-15.3,-20.6,-10.1,0.3,2.0,0.0,12.0,33.0,1029.1,0.0,ottawa,317
2025-01-23,-8.4,-11.5,-5.4,2.6,3.0,0.0,12.8,0.0,1018.7,0.0,ottawa,318
2025-01-24,-15.7,-21.0,-10.4,0.0,5.0,0.0,8.2,0.0,1021.7,0.0,ottawa,319
2025-01-25,-12.4,-21.1,-3.6,0.9,5.0,0.0,8.9,40.0,1020.4,0.0,ottawa,320
2025-01-26,-4.0,-7.2,-0.8,0.1,6.0,0.0,17.5,53.0,1012.8,0.0,ottawa,321
2025-01-27,-2.1,-5.7,1.4,0.0,2.0,0.0,30.0,69.0,999.3,0.0,ottawa,322
2025-01-28,-10.9,-16.1,-5.7,1.0,2.0,0.0,16.3,49.0,1001.4,0.0,ottawa,323
2025-01-29,-12.4,-16.4,-8.3,4.2,8.0,0.0,16.5,34.0,998.7,0.0,ottawa,324
2025-01-30,-16.0,-20.7,-11.2,0.9,8.0,0.0,9.6,0.0,1019.4,0.0,ottawa,325
2025-01-31,-7.5,-13.6,-1.4,0.0,8.0,0.0,8.9,31.0,1011.9,0.0,ottawa,326
2025-02-01,-17.7,-23.1,-12.3,0.0,7.0,0.0,15.6,41.0,1027.5,0.0,ottawa,327
2025-02-02,-17.8,-23.1,-12.5,0.2,6.0,0.0,11.3,37.0,1030.2,0.0,ottawa,328
2025-02-03,-6.5,-12.5,-0.6,5.0,6.0,0.0,6.8,0.0,1013.7,0.0,ottawa,329
2025-02-04,-5.9,-14.9,-4.0,5.1,10.0,0.0,15.5,0.0,1019.1,0.0,ottawa,330
2025-02-05,-15.5,-19.7,-11.4,0.0,8.0,0.0,7.5,0.0,1030.2,0.0,ottawa,331
2025-02-06,-9.7,-18.4,-0.9,4.0,8.0,0.0,13.0,41.0,1011.3,0.0,ottawa,332
2025-02-07,-6.3,-10.4,-2.3,2.7,11.0,0.0,18.7,53.0,1011.2,0.0,ottawa,333
2025-02-08,-8.7,-14.5,-2.9,1.2,10.0,0.0,7.4,0.0,1021.6,0.0,ottawa,334
2025-02-09,-8.1,-12.3,-3.9,0.9,11.0,0.0,7.8,0.0,1018.0,0.0,ottawa,335
2025-02-10,-11.0,-15.8,-6.3,0.1,12.0,0.0,5.8,0.0,1026.8,0.0,ottawa,336
2025-02-11,-10.0,-14.3,-5.6,0.0,12.0,0.0,13.8,43.0,1024.9,0.0,ottawa,337
2025-02-12,-15.6,-20.7,-10.6,2.1,10.0,0.0,12.6,42.0,1029.0,0.0,ottawa,338
2025-02-13,-8.4,-12.1,-4.8,18.5,12.0,0.0,20.5,46.0,1010.6,0.0,ottawa,339
2025-02-14,-12.0,-17.1,-6.8,0.0,20.0,0.0,13.1,45.0,1030.5,0.0,ottawa,340
2025-02-15,-11.7,-15.5,-7.9,2.3,20.0,0.0,12.5,38.0,1027.6,0.0,ottawa,341
2025-02-16,-10.0,-12.1,-7.8,15.7,27.0,0.0,23.4,51.0,1001.9,0.0,ottawa,342
2025-02-17,-12.5,-15.8,-9.2,0.1,43.0,0.0,26.8,59.0,1003.8,0.0,ottawa,343
2025-02-18,-15.1,-17.2,-13.0,0.1,33.0,0.0,21.7,46.0,1017.9,0.0,ottawa,344
2025-02-19,-13.6,-17.2,-10.0,0.0,32.0,0.0,12.2,0.0,1025.4,0.0,ottawa,345
2025-02-20,-12.5,-17.7,-7.2,0.2,32.0,0.0,14.0,44.0,1019.2,0.0,ottawa,346
2025-02-21,-11.8,-15.6,-8.0,0.0,32.0,0.0,17.0,39.0,1024.9,0.0,ottawa,347
2025-02-22,-11.3,-19.4,-3.2,0.9,31.0,0.0,6.1,0.0,1021.6,0.0,ottawa,348
2025-02-23,-2.8,-4.8,-0.8,0.5,32.0,0.0,9.2,0.0,1016.5,0.0,ottawa,349
2025-02-24,1.5,-3.5,6.4,0.0,32.0,0.0,18.0,57.0,1007.8,0.0,ottawa,350
2025-02-25,1.0,-2.9,4.9,1.3,28.0,0.0,6.8,0.0,1004.7,0.0,ottawa,351
2025-02-26,-1.6,-5.3,2.0,0.0,26.0,0.0,12.2,0.0,1011.8,0.0,ottawa,352
2025-02-27,-3.4,-8.9,2.2,3.6,25.0,0.0,8.0,41.0,1003.4,0.0,ottawa,353
2025-02-28,-6.5,-12.8,-0.2,3.8,28.0,0.0,18.7,45.0,1004.9,0.0,ottawa,354
2025-01-01,-5.6,-8.2,-3.8,0.0,0.0,0.0,21.6,0.0,1021.7,0.0,minnesota,355
2025-01-02,-7.8,-12.1,-5.5,0.0,0.0,0.0,16.9,0.0,1026.3,0.0,minnesota,356
2025-01-03,-10.9,-14.9,-8.2,0.0,0.0,0.0,20.5,0.0,1031.8,0.0,minnesota,357
2025-01-04,-14.4,-18.2,-10.5,0.0,0.0,0.0,14.8,0.0,1033.8,0.0,minnesota,358
2025-01-05,-14.2,-18.2,-8.2,0.0,0.0,0.0,17.6,0.0,1031.5,0.0,minnesota,359
2025-01-06,-12.1,-16.6,-6.6,0.0,0.0,0.0,10.4,0.0,1032.1,0.0,minnesota,360
2025-01-07,-10.3,-13.2,-6.6,0.0,0.0,0.0,8.3,0.0,1035.2,0.0,minnesota,361
2025-01-08,-11.6,-15.5,-6.6,0.0,0.0,0.0,9.4,0.0,1027.9,0.0,minnesota,362
2025-01-09,-8.7,-11.0,-4.3,1.3,0.0,0.0,9.4,0.0,1018.3,0.0,minnesota,363
2025-01-10,-3.9,-7.7,-2.1,0.0,2.0,0.0,13.0,0.0,1013.2,0.0,minnesota,364
2025-01-11,-6.6,-8.2,-3.2,0.5,2.0,0.0,13.7,0.0,1006.7,0.0,minnesota,365
2025-01-12,-4.9,-18.2,-1.6,0.8,2.0,0.0,23.8,0.0,1009.1,0.0,minnesota,366
2025-01-13,-16.7,-19.3,-13.8,0.0,2.0,0.0,17.6,0.0,1023.3,0.0,minnesota,367
2025-01-14,-18.5,-22.7,-13.8,0.0,2.0,0.0,11.9,0.0,1032.3,0.0,minnesota,368
2025-01-15,-13.8,-19.3,-1.0,0.5,2.0,0.0,13.0,0.0,1022.9,0.0,minnesota,369
2025-01-16,-0.7,-2.1,1.7,0.0,2.0,0.0,16.6,0.0,1013.4,0.0,minnesota,370
2025-01-17,0.6,-8.8,3.3,0.0,2.0,0.0,24.1,0.0,1002.3,0.0,minnesota,371
2025-01-18,-10.9,-21.0,-8.2,0.0,2.0,0.0,26.6,0.0,1024.1,0.0,minnesota,372
2025-01-19,-21.1,-24.9,-18.2,0.0,2.0,0.0,21.2,0.0,1031.3,0.0,minnesota,373
2025-01-20,-22.8,-27.7,-21.0,0.0,2.0,0.0,16.9,0.0,1035.3,0.0,minnesota,374
2025-01-21,-23.9,-28.2,-10.5,0.0,2.0,0.0,18.0,0.0,1029.3,0.0,minnesota,375
2025-01-22,-7.7,-13.8,-1.6,0.0,2.0,0.0,17.3,0.0,1015.4,0.0,minnesota,376
2025-01-23,-13.6,-19.3,-10.5,0.0,0.0,0.0,14.0,0.0,1029.1,0.0,minnesota,377
2025-01-24,-12.5,-18.2,-2.7,0.3,0.0,0.0,14.4,0.0,1017.6,0.0,minnesota,378
2025-01-25,-3.9,-11.6,-2.1,0.0,0.0,0.0,22.0,0.0,1018.8,0.0,minnesota,379
2025-01-26,-8.8,-14.3,1.7,0.0,0.0,0.0,16.6,0.0,1025.6,0.0,minnesota,380
2025-01-27,-2.5,-6.0,3.3,0.0,0.0,0.0,19.4,0.0,1010.2,0.0,minnesota,381
2025-01-28,0.5,-4.3,8.3,0.0,0.0,0.0,24.1,0.0,1004.3,0.0,minnesota,382
2025-01-29,1.6,-2.1,3.9,0.0,0.0,0.0,14.0,0.0,1013.0,0.0,minnesota,383
2025-01-30,2.8,-3.2,11.1,0.0,0.0,0.0,10.4,0.0,1008.9,0.0,minnesota,384
2025-01-31,1.9,-3.2,5.6,0.0,0.0,0.0,16.2,0.0,1016.9,0.0,minnesota,385
2025-02-01,-2.2,-3.8,-0.5,0.0,0.0,0.0,27.7,0.0,1019.8,0.0,minnesota,386
2025-02-02,1.1,-1.0,6.7,0.0,0.0,0.0,12.2,0.0,1012.7,0.0,minnesota,387
2025-02-03,-2.2,-14.9,0.0,2.5,3.0,0.0,20.9,0.0,1020.7,0.0,minnesota,388
2025-02-04,-14.2,-18.2,-12.7,0.0,3.0,0.0,15.5,0.0,1037.6,0.0,minnesota,389
2025-02-05,-11.4,-13.8,-4.9,0.0,3.0,0.0,16.6,0.0,1023.8,0.0,minnesota,390
2025-02-06,-6.9,-11.6,-4.3,0.3,3.0,0.0,28.4,0.0,1015.1,0.0,minnesota,391
2025-02-07,-10.3,-13.8,-4.9,0.0,3.0,0.0,7.6,0.0,1025.2,0.0,minnesota,392
2025-02-08,-6.3,-15.5,-5.5,3.6,3.0,0.0,16.9,0.0,1021.9,0.0,minnesota,393
2025-02-09,-13.6,-19.3,-7.7,0.0,10.0,0.0,10.8,0.0,1030.4,0.0,minnesota,394
2025-02-10,-12.7,-18.2,-8.8,0.0,8.0,0.0,12.2,0.0,1034.9,0.0,minnesota,395
2025-02-11,-16.7,-22.7,-14.3,0.0,8.0,0.0,10.1,0.0,1032.3,0.0,minnesota,396
2025-02-12,-16.8,-18.8,-13.8,0.5,8.0,0.0,8.6,0.0,1024.2,0.0,minnesota,397
2025-02-13,-17.2,-22.1,-12.1,0.0,8.0,0.0,11.9,0.0,1028.1,0.0,minnesota,398
2025-02-14,-13.1,-18.2,-5.5,2.8,8.0,0.0,15.8,0.0,1025.2,0.0,minnesota,399
2025-02-15,-6.6,-10.5,-5.5,0.0,13.0,0.0,18.7,0.0,1020.5,0.0,minnesota,400
2025-02-16,-12.6,-18.8,-10.5,0.0,13.0,0.0,22.0,0.0,1024.3,0.0,minnesota,401
2025-02-17,-20.6,-25.5,-18.8,0.0,10.0,0.0,19.1,0.0,1032.3,0.0,minnesota,402
2025-02-18,-21.6,-26.0,-15.5,0.0,10.0,0.0,14.8,0.0,1041.3,0.0,minnesota,403
2025-02-19,-19.2,-23.2,-13.2,0.0,10.0,0.0,15.5,0.0,1039.4,0.0,minnesota,404
2025-02-20,-13.7,-18.2,-6.6,0.0,10.0,0.0,10.4,0.0,1037.3,0.0,minnesota,405
2025-02-21,-10.4,-16.6,-3.2,0.0,10.0,0.0,15.5,0.0,1031.0,0.0,minnesota,406
2025-02-22,-6.6,-11.0,2.8,0.0,10.0,0.0,9.4,0.0,1019.5,0.0,minnesota,407
2025-02-23,1.7,-1.6,8.9,0.0,8.0,0.0,10.4,0.0,1010.3,0.0,minnesota,408
2025-02-24,8.1,3.3,11.1,0.0,0.0,0.0,19.1,0.0,1003.5,0.0,minnesota,409
2025-02-25,4.7,-1.0,10.6,0.0,0.0,0.0,8.3,0.0,1010.0,0.0,minnesota,410
2025-02-26,7.1,3.9,12.8,0.8,0.0,0.0,15.5,0.0,1010.3,0.0,minnesota,411
2025-02-27,5.6,1.1,10.0,0.0,0.0,0.0,20.5,0.0,1012.9,0.0,minnesota,412
2025-02-28,5.9,-6.0,8.3,0.0,0.0,0.0,32.4,0.0,1003.9,0.0,minnesota,413
2025-01-01,3.3,0.7,5.9,0.0,0.0,0.0,9.9,0.0,1017.6,0.0,vancouver,414
2025-01-02,2.6,0.7,4.5,5.0,0.0,0.0,9.5,0.0,1018.7,0.0,vancouver,415
2025-01-03,3.5,1.5,5.5,5.9,0.0,0.0,7.8,0.0,1010.3,0.0,vancouver,416
2025-01-04,5.9,4.4,7.4,6.9,0.0,0.0,15.2,31.0,1014.6,0.0,vancouver,417
2025-01-05,4.7,1.2,8.2,2.2,0.0,0.0,7.4,0.0,1023.8,0.0,vancouver,418
2025-01-06,2.8,-0.6,6.2,0.0,0.0,0.0,8.6,0.0,1032.9,0.0,vancouver,419
2025-01-07,3.8,2.0,5.5,1.3,0.0,0.0,6.2,0.0,1032.2,0.0,vancouver,420
2025-01-08,3.8,0.2,7.4,0.0,0.0,0.0,7.0,0.0,1033.2,0.0,vancouver,421
2025-01-09,3.9,-0.2,8.0,0.0,0.0,0.0,7.5,0.0,1030.0,0.0,vancouver,422
2025-01-10,7.2,6.2,8.1,8.6,0.0,0.0,27.4,67.0,1022.1,0.0,vancouver,423
2025-01-11,4.3,1.0,7.6,0.0,0.0,0.0,5.9,43.0,1032.3,0.0,vancouver,424
2025-01-12,3.6,0.2,7.0,3.2,0.0,0.0,9.7,33.0,1033.7,0.0,vancouver,425
2025-01-13,1.7,-1.6,5.0,0.0,0.0,0.0,5.0,0.0,1035.7,0.0,vancouver,426
2025-01-14,3.5,0.3,6.6,0.0,0.0,0.0,6.0,0.0,1034.7,0.0,vancouver,427
2025-01-15,2.6,-1.4,6.6,0.0,0.0,0.0,6.3,0.0,1028.2,0.0,vancouver,428
2025-01-16,4.3,1.6,7.0,0.4,0.0,0.0,19.6,62.0,1021.8,0.0,vancouver,429
2025-01-17,2.0,-2.3,6.2,0.0,0.0,0.0,7.3,0.0,1030.8,0.0,vancouver,430
2025-01-18,0.7,-3.6,5.0,0.0,0.0,0.0,7.1,0.0,1034.0,0.0,vancouver,431
2025-01-19,0.9,-3.8,5.5,0.0,0.0,0.0,6.5,0.0,1033.9,0.0,vancouver,432
2025-01-20,0.2,-5.2,5.5,0.0,0.0,0.0,4.8,0.0,1034.6,0.0,vancouver,433
2025-01-21,1.0,-3.5,5.4,0.0,0.0,0.0,8.5,0.0,1034.8,0.0,vancouver,434
2025-01-22,1.6,-1.4,4.6,0.0,0.0,0.0,6.2,0.0,1041.0,0.0,vancouver,435
2025-01-23,1.0,-2.6,4.6,0.0,0.0,0.0,7.0,0.0,1034.2,0.0,vancouver,436
2025-01-24,0.9,-4.2,6.0,0.0,0.0,0.0,9.7,0.0,1031.8,0.0,vancouver,437
2025-01-25,0.4,-5.1,5.8,0.0,0.0,0.0,9.0,0.0,1031.0,0.0,vancouver,438
2025-01-26,1.0,-3.7,5.6,0.0,0.0,0.0,5.3,0.0,1030.9,0.0,vancouver,439
2025-01-27,0.7,-4.6,5.9,0.0,0.0,0.0,5.7,0.0,1029.1,0.0,vancouver,440
2025-01-28,0.9,-4.0,5.7,0.0,0.0,0.0,5.7,0.0,1024.0,0.0,vancouver,441
2025-01-29,1.3,-4.2,6.8,0.0,0.0,0.0,5.6,0.0,1020.4,0.0,vancouver,442
2025-01-30,3.0,1.7,4.3,4.7,0.0,0.0,16.4,0.0,1018.0,0.0,vancouver,443
2025-01-31,4.8,3.0,6.0,15.8,0.0,0.0,24.0,69.0,1004.0,0.0,vancouver,444
2025-02-01,2.4,-1.0,5.7,0.0,0.0,0.0,17.2,53.0,1010.7,0.0,vancouver,445
2025-02-02,0.5,-2.8,3.8,7.0,4.0,0.0,16.7,33.0,1008.6,0.0,vancouver,446
2025-02-03,-2.3,-4.0,-0.5,5.3,1.0,0.0,13.1,37.0,1010.9,0.0,vancouver,447
2025-02-04,-3.5,-6.3,-0.7,5.0,7.0,0.0,10.0,0.0,1010.9,0.0,vancouver,448
2025-02-05,-5.0,-8.8,-1.1,0.0,3.0,0.0,11.3,0.0,1013.4,0.0,vancouver,449
2025-02-06,-2.3,-5.2,0.6,0.0,0.0,0.0,10.6,0.0,1017.8,0.0,vancouver,450
2025-02-07,-3.4,-8.9,2.1,0.0,2.0,0.0,10.6,0.0,1020.6,0.0,vancouver,451
2025-02-08,0.5,-2.5,3.5,0.2,0.0,0.0,8.9,0.0,1028.1,0.0,vancouver,452
2025-02-09,-0.5,-2.6,1.7,0.3,2.0,0.0,7.6,0.0,1033.5,0.0,vancouver,453
2025-02-10,-2.0,-5.5,1.6,0.0,0.0,0.0,9.2,0.0,1033.6,0.0,vancouver,454
2025-02-11,-4.2,-8.6,0.2,0.0,1.0,0.0,8.6,0.0,1027.4,0.0,vancouver,455
2025-02-12,-3.3,-8.1,1.5,0.0,1.0,0.0,7.0,39.0,1016.1,0.0,vancouver,456
2025-02-13,-2.5,-7.8,2.9,0.0,1.0,0.0,6.9,0.0,999.7,0.0,vancouver,457
2025-02-14,0.7,-4.7,6.0,0.0,1.0,0.0,8.8,0.0,1013.9,0.0,vancouver,458
2025-02-15,3.3,2.0,4.6,3.3,1.0,0.0,16.3,32.0,1024.0,0.0,vancouver,459
2025-02-16,5.0,2.8,7.1,5.0,0.0,0.0,12.2,0.0,1012.5,0.0,vancouver,460
2025-02-17,5.3,2.3,8.3,1.9,0.0,0.0,6.1,0.0,1014.3,0.0,vancouver,461
2025-02-18,7.0,4.1,9.9,0.3,0.0,0.0,12.6,75.0,1019.6,0.0,vancouver,462
2025-02-19,7.8,5.9,9.7,9.6,0.0,0.0,26.6,61.0,1011.2,0.0,vancouver,463
2025-02-20,7.7,6.6,8.7,0.8,0.0,0.0,15.2,32.0,1026.3,0.0,vancouver,464
2025-02-21,7.1,5.5,8.7,12.9,0.0,0.0,15.5,35.0,1019.9,0.0,vancouver,465
2025-02-22,9.2,7.7,10.7,14.2,0.0,0.0,21.1,46.0,1011.2,0.0,vancouver,466
2025-02-23,8.9,5.5,12.2,9.8,0.0,0.0,16.5,31.0,1009.1,0.0,vancouver,467
2025-02-24,8.7,6.1,11.2,4.0,0.0,0.0,22.7,54.0,1007.6,0.0,vancouver,468
2025-02-25,7.9,6.0,9.7,15.6,0.0,0.0,21.2,69.0,1012.5,0.0,vancouver,469
2025-02-26,8.4,4.9,11.8,0.0,0.0,0.0,12.2,35.0,1022.0,0.0,vancouver,470
2025-02-27,9.3,3.7,14.9,0.0,0.0,0.0,12.5,0.0,1021.3,0.0,vancouver,471
2025-02-28,8.5,5.9,11.0,0.0,0.0,0.0,11.5,0.0,1019.5,0.0,vancouver,472
